name,mbid,url,image_small,image
Adele,cc2c9c3c-b7bc-4b8b-84d8-4fbd8779e493,https://www.last.fm/music/Adele,https://lastfm.freetls.fastly.net/i/u/34s/2a96cbd8b46e442fc41c2b86b821562f.png,https://lastfm.freetls.fastly.net/i/u/64s/2a96cbd8b46e442fc41c2b86b821562f.png
Adèle Castillon,,https://www.last.fm/music/Ad%C3%A8le+Castillon,https://lastfm.freetls.fastly.net/i/u/34s/2a96cbd8b46e442fc41c2b86b821562f.png,https://lastfm.freetls.fastly.net/i/u/64s/2a96cbd8b46e442fc41c2b86b821562f.png
Adelén,e090f60d-443c-465c-bcfc-0bb36a890d27,https://www.last.fm/music/Adel%C3%A9n,https://lastfm.freetls.fastly.net/i/u/34s/2a96cbd8b46e442fc41c2b86b821562f.png,https://lastfm.freetls.fastly.net/i/u/64s/2a96cbd8b46e442fc41c2b86b821562f.png
Robyn Adele Anderson,,https://www.last.fm/music/Robyn+Adele+Anderson,https://lastfm.freetls.fastly.net/i/u/34s/2a96cbd8b46e442fc41c2b86b821562f.png,https://lastfm.freetls.fastly.net/i/u/64s/2a96cbd8b46e442fc41c2b86b821562f.png
Adele vs. Daft Punk,cc2c9c3c-b7bc-4b8b-84d8-4fbd8779e493,https://www.last.fm/music/Adele+vs.+Daft+Punk,https://lastfm.freetls.fastly.net/i/u/34s/2a96cbd8b46e442fc41c2b86b821562f.png,https://lastfm.freetls.fastly.net/i/u/64s/2a96cbd8b46e442fc41c2b86b821562f.png
Andelectro,,https://www.last.fm/music/Andelectro,https://lastfm.freetls.fastly.net/i/u/34s/2a96cbd8b46e442fc41c2b86b821562f.png,https://lastfm.freetls.fastly.net/i/u/64s/2a96cbd8b46e442fc41c2b86b821562f.png
Adèle,b0335a95-8a12-4c71-8149-5054ec847d04,https://www.last.fm/music/Ad%C3%A8le,https://lastfm.freetls.fastly.net/i/u/34s/2a96cbd8b46e442fc41c2b86b821562f.png,https://lastfm.freetls.fastly.net/i/u/64s/2a96cbd8b46e442fc41c2b86b821562f.png
Adele vs. Skrillex,,https://www.last.fm/music/Adele+vs.+Skrillex,https://lastfm.freetls.fastly.net/i/u/34s/2a96cbd8b46e442fc41c2b86b821562f.png,https://lastfm.freetls.fastly.net/i/u/64s/2a96cbd8b46e442fc41c2b86b821562f.png
Adele and The Raconteurs,cc2c9c3c-b7bc-4b8b-84d8-4fbd8779e493,https://www.last.fm/music/Adele+and+The+Raconteurs,https://lastfm.freetls.fastly.net/i/u/34s/2a96cbd8b46e442fc41c2b86b821562f.png,https://lastfm.freetls.fastly.net/i/u/64s/2a96cbd8b46e442fc41c2b86b821562f.png
"Videoclub, Adèle Castillon, Mattyeux",,"https://www.last.fm/music/Videoclub,+Ad%C3%A8le+Castillon,+Mattyeux",,
"Gorillaz, Adeleye Omotayo",,"https://www.last.fm/music/Gorillaz,+Adeleye+Omotayo",,
Adele Roberts,,https://www.last.fm/music/Adele+Roberts,https://lastfm.freetls.fastly.net/i/u/34s/2a96cbd8b46e442fc41c2b86b821562f.png,https://lastfm.freetls.fastly.net/i/u/64s/2a96cbd8b46e442fc41c2b86b821562f.png
Adelle,,https://www.last.fm/music/Adelle,https://lastfm.freetls.fastly.net/i/u/34s/2a96cbd8b46e442fc41c2b86b821562f.png,https://lastfm.freetls.fastly.net/i/u/64s/2a96cbd8b46e442fc41c2b86b821562f.png
Mortelle Adèle,,https://www.last.fm/music/Mortelle+Ad%C3%A8le,https://lastfm.freetls.fastly.net/i/u/34s/2a96cbd8b46e442fc41c2b86b821562f.png,https://lastfm.freetls.fastly.net/i/u/64s/2a96cbd8b46e442fc41c2b86b821562f.png
Adelbert Von Deyen,5fd7461f-2c90-4627-a8c8-cb0ba0e53abd,https://www.last.fm/music/Adelbert+Von+Deyen,https://lastfm.freetls.fastly.net/i/u/34s/2a96cbd8b46e442fc41c2b86b821562f.png,https://lastfm.freetls.fastly.net/i/u/64s/2a96cbd8b46e442fc41c2b86b821562f.png
Adele Harley,9f4f9a13-2418-4649-8dc8-bb4f60cfd2e1,https://www.last.fm/music/Adele+Harley,https://lastfm.freetls.fastly.net/i/u/34s/2a96cbd8b46e442fc41c2b86b821562f.png,https://lastfm.freetls.fastly.net/i/u/64s/2a96cbd8b46e442fc41c2b86b821562f.png
Adele & The Raconteurs,cc2c9c3c-b7bc-4b8b-84d8-4fbd8779e493,https://www.last.fm/music/Adele+&+The+Raconteurs,https://lastfm.freetls.fastly.net/i/u/34s/2a96cbd8b46e442fc41c2b86b821562f.png,https://lastfm.freetls.fastly.net/i/u/64s/2a96cbd8b46e442fc41c2b86b821562f.png
Adèle & Robin,,https://www.last.fm/music/Ad%C3%A8le+&+Robin,https://lastfm.freetls.fastly.net/i/u/34s/2a96cbd8b46e442fc41c2b86b821562f.png,https://lastfm.freetls.fastly.net/i/u/64s/2a96cbd8b46e442fc41c2b86b821562f.png
Adele Sebastian,1e9d067b-c1ee-4b15-aa0c-7c6bbe21d1aa,https://www.last.fm/music/Adele+Sebastian,https://lastfm.freetls.fastly.net/i/u/34s/2a96cbd8b46e442fc41c2b86b821562f.png,https://lastfm.freetls.fastly.net/i/u/64s/2a96cbd8b46e442fc41c2b86b821562f.png
Adele Anthony,,https://www.last.fm/music/Adele+Anthony,https://lastfm.freetls.fastly.net/i/u/34s/2a96cbd8b46e442fc41c2b86b821562f.png,https://lastfm.freetls.fastly.net/i/u/64s/2a96cbd8b46e442fc41c2b86b821562f.png
Adèle Castillon & Videoclub,,https://www.last.fm/music/Ad%C3%A8le+Castillon+&+Videoclub,,
"Adèle Castillon, Videoclub",,"https://www.last.fm/music/Ad%C3%A8le+Castillon,+Videoclub",,
"Videoclub, Adèle Castillon & Mattyeux",,"https://www.last.fm/music/Videoclub,+Ad%C3%A8le+Castillon+&+Mattyeux",https://lastfm.freetls.fastly.net/i/u/34s/2a96cbd8b46e442fc41c2b86b821562f.png,https://lastfm.freetls.fastly.net/i/u/64s/2a96cbd8b46e442fc41c2b86b821562f.png
"Adele Addison,Jane Hobson,Richard Lewis,Donald Bell,The Cleveland Orchestra Chorus,Robert Shaw,GeorgeSzell;The Cleveland Orchestra",,"https://www.last.fm/music/Adele+Addison,Jane+Hobson,Richard+Lewis,Donald+Bell,The+Cleveland+Orchestra+Chorus,Robert+Shaw,GeorgeSzell;The+Cleveland+Orchestra",https://lastfm.freetls.fastly.net/i/u/34s/2a96cbd8b46e442fc41c2b86b821562f.png,https://lastfm.freetls.fastly.net/i/u/64s/2a96cbd8b46e442fc41c2b86b821562f.png
Adele K,,https://www.last.fm/music/Adele+K,,
Mick Boogie & Adele,,https://www.last.fm/music/Mick+Boogie+&+Adele,https://lastfm.freetls.fastly.net/i/u/34s/2a96cbd8b46e442fc41c2b86b821562f.png,https://lastfm.freetls.fastly.net/i/u/64s/2a96cbd8b46e442fc41c2b86b821562f.png
Cameo Adele,,https://www.last.fm/music/Cameo+Adele,https://lastfm.freetls.fastly.net/i/u/34s/2a96cbd8b46e442fc41c2b86b821562f.png,https://lastfm.freetls.fastly.net/i/u/64s/2a96cbd8b46e442fc41c2b86b821562f.png
Jr. Adelberg,,https://www.last.fm/music/Jr.+Adelberg,https://lastfm.freetls.fastly.net/i/u/34s/2a96cbd8b46e442fc41c2b86b821562f.png,https://lastfm.freetls.fastly.net/i/u/64s/2a96cbd8b46e442fc41c2b86b821562f.png
Ravi Adelekan & Friends,,https://www.last.fm/music/Ravi+Adelekan+&+Friends,https://lastfm.freetls.fastly.net/i/u/34s/2a96cbd8b46e442fc41c2b86b821562f.png,https://lastfm.freetls.fastly.net/i/u/64s/2a96cbd8b46e442fc41c2b86b821562f.png
Adèle Bloemendaal,b68b0782-2370-43e7-9748-15d0dac4e81a,https://www.last.fm/music/Ad%C3%A8le+Bloemendaal,https://lastfm.freetls.fastly.net/i/u/34s/2a96cbd8b46e442fc41c2b86b821562f.png,https://lastfm.freetls.fastly.net/i/u/64s/2a96cbd8b46e442fc41c2b86b821562f.png